<?xml version="1.0" encoding="UTF-8"?>
<beans:beans xmlns="http://www.springframework.org/schema/mvc"
  xmlns:xsi="http://www.w3.org/2001/XMLSchema-instance"
  xmlns:beans="http://www.springframework.org/schema/beans"
  xmlns:context="http://www.springframework.org/schema/context"
  xmlns:task="http://www.springframework.org/schema/task"
  xsi:schemaLocation="http://www.springframework.org/schema/mvc https://www.springframework.org/schema/mvc/spring-mvc.xsd
		http://www.springframework.org/schema/task http://www.springframework.org/schema/task/spring-task-4.3.xsd
		http://www.springframework.org/schema/beans https://www.springframework.org/schema/beans/spring-beans.xsd
		http://www.springframework.org/schema/context https://www.springframework.org/schema/context/spring-context.xsd">

  <!-- DispatcherServlet Context: defines this servlet's request-processing infrastructure -->
  
  <!-- Enables the Spring MVC @Controller programming model -->
  <annotation-driven />

  <!-- Handles HTTP GET requests for /resources/** by efficiently serving up static resources in the ${webappRoot}/resources directory -->
  <resources mapping="/resources/**" location="/resources/" />
  <resources mapping="/upload/**"    location="file:///upload/" />

  <!-- Resolves views selected for rendering by @Controllers to .jsp resources in the /WEB-INF/views directory -->
  <beans:bean class="org.springframework.web.servlet.view.InternalResourceViewResolver">
    <beans:property name="prefix" value="/WEB-INF/views/" />
    <beans:property name="suffix" value=".jsp" />
  </beans:bean>
  
  <context:component-scan base-package="com.gdu.myapp" />
  
  <!-- 인터셉터 등록 -->
  <interceptors>
  
    <interceptor>
      <mapping path="/bbs/write.page" />
      <mapping path="/blog/write.page" />
      <mapping path="/upload/write.page" />
      <beans:bean class="com.gdu.myapp.interceptor.RequiredSigninInterceptor" />
    </interceptor>
    
    <interceptor>
      <mapping path="/user/signin.page"/>
      <mapping path="/user/signup.page"/>
      <beans:bean class="com.gdu.myapp.interceptor.RequiredSignoutInterceptor" />
    </interceptor>
  
  </interceptors>
  
  <!-- @Scheduled 허용 -->
  <task:annotation-driven/>

</beans:beans>